"PIDN","Ca","P","pH","SOC","Sand"
"09gt9UK5",-0.545308828353882,-0.104391492903233,-1.29583728313446,-0.652891635894775,1.62812507152557
"0BVvxJ6a",0.545040190219879,0.064656488597393,0.747068762779236,-0.204113721847534,-1.13631844520569
"0KbdgApg",-0.129967629909515,-0.204567313194275,0.310136318206787,-0.269741415977478,-1.19066023826599
"0MnuuduB",-0.314085990190506,0.488304167985916,-0.199371561408043,1.11992955207825,-0.793533504009247
"0PcIsF9z",-0.475004404783249,-0.239295691251755,-0.820128917694092,0.0654248669743538,-0.42465078830719
"0ShTFLYJ",-0.367313951253891,-0.478068828582764,-0.478867590427399,-0.700068473815918,0.685855627059937
"0XZh9jka",-0.454118520021439,0.545257866382599,-1.26483511924744,0.320638179779053,-0.837730646133423
"0Y7Wegri",-0.283555626869202,-0.0138503722846508,0.670678794384003,-0.578241109848022,0.436181336641312
"0dTqplIM",-0.0647969916462898,0.538870096206665,0.350585281848907,-0.251766711473465,-0.884675920009613
"0lNiZicC",-0.358484268188477,-0.124047629535198,-0.69474869966507,-0.719996392726898,-0.35165074467659
"0rGeJ0QN",-0.332229852676392,0.14073933660984,-0.268164694309235,0.186468809843063,0.216203704476357
"0sXI9ytQ",-0.480048030614853,-0.0349044539034367,0.0886584594845772,-0.846097052097321,1.86670935153961
"0ukt4aP6",0.653813302516937,0.0875046253204346,1.4343695640564,-0.587924003601074,-0.451302349567413
"1AGspb8f",-0.424761235713959,-0.0970545262098312,-0.995665550231934,0.132031917572021,-1.32723248004913
"1Csy0gvE",-0.419445008039474,0.00240323273465037,-0.112350702285767,-0.712332785129547,0.644948303699493
"1Ic2hly1",-0.265367209911346,0.578205823898315,-0.17438904941082,-0.399144053459167,-0.363435477018356
"1PPbaTwt",-0.443525761365891,-0.197639271616936,-1.16226553916931,-0.808216869831085,0.670592844486237
"1SO5VJNy",-0.323226004838943,0.135006859898567,0.290876418352127,-0.678913474082947,0.684057831764221
"1arHxK3Y",1.11111533641815,0.821868419647217,1.34632766246796,-0.115689538419247,-0.264056652784348
"1fCW4Bba",-0.355500102043152,0.222253531217575,0.501429855823517,-0.81259685754776,0.381258487701416
"1qDZNvIm",-0.481520086526871,0.0637954324483871,0.0640364289283752,-0.718814849853516,1.40656542778015
"28LYJC2V",-0.555096745491028,0.342663586139679,-1.21946561336517,0.549865245819092,0.0164408087730408
"2CzACvQq",0.675617337226868,1.51567196846008,2.12972021102905,-0.795118093490601,-0.555316209793091
"2FT3crfv",-0.43881094455719,-0.0867169499397278,-0.261703670024872,-0.391285389661789,-0.578241884708405
"2Fy2uHVg",-0.421898037195206,-0.192882552742958,-0.477916479110718,-0.671611249446869,-0.404639959335327
"2MkMEApm",-0.492862910032272,-0.273268580436707,0.21843646466732,-0.542211592197418,0.365025907754898
"2NDGWEOe",0.647392690181732,0.973390638828278,2.53410410881042,-0.813000798225403,-0.509577393531799
"2NyyCiqn",-0.452323466539383,-0.0192549396306276,-0.0836670100688934,-0.628104507923126,0.571171820163727
"2QRzIb84",0.320828348398209,1.29353415966034,2.32242512702942,-0.487613499164581,0.0167851559817791
"2QcbdrUZ",-0.41570782661438,0.0479728430509567,0.180032595992088,-0.767620742321014,0.840199112892151
"2YgAimWK",-0.3968306183815,0.236188679933548,0.438608050346375,-0.629534304141998,0.734076380729675
"2cx85d9H",-0.0827487334609032,0.248965933918953,-0.0517277307808399,-0.279339075088501,-1.34493732452393
"2homMXMV",-0.442574262619019,0.502315938472748,-0.963954091072083,0.040917880833149,-0.140685215592384
"2ldLrUtq",-0.402638822793961,-0.191983371973038,0.646457970142365,-0.703896284103394,-0.338939130306244
"2nsACW6G",-0.68585991859436,-0.0929823815822601,-1.38067829608917,1.02807676792145,-1.62512767314911
"2yMbVnWc",-0.400487124919891,-0.875625252723694,-0.892530262470245,1.48394525051117,0.655615031719208
"36r8sgGQ",-0.399069666862488,-0.0696643441915512,-0.201220065355301,-0.675940871238708,0.792367041110992
"3NXAXCl3",-0.322658449411392,-0.123715333640575,-1.13591086864471,0.278234004974365,-1.20368337631226
"3QG0z6fl",-0.348183870315552,-0.15628570318222,-0.506252765655518,-0.469034969806671,0.868636727333069
"3WS8R9qm",-0.337000578641891,0.0056829210370779,-0.868026673793793,2.12574219703674,-1.15884923934937
"3fRLm8f5",-0.350632786750793,-0.181036621332169,-0.456094026565552,-0.0391132496297359,0.474817723035812
"3mZhp1nQ",-0.420631796121597,-0.0773285254836082,-0.269577503204346,-0.469956755638123,0.851233541965485
"3pikJXRL",-0.449229121208191,-0.281663924455643,-1.08496010303497,-0.109992831945419,-1.36797165870667
"3pxOEGHL",-0.419523149728775,-0.0714079588651657,-0.573415040969849,-0.647416472434998,0.423306703567505
"3ttdV3f5",-0.496348023414612,0.0649694129824638,-0.0294476244598627,-0.963662683963776,-0.18553139269352
"3v4X6Mfe",0.85859227180481,0.0333301909267902,1.670973777771,-0.557449758052826,0.0280553437769413
"3wORuPiv",-0.330933511257172,-0.201888024806976,-0.666989982128143,-0.627782642841339,-0.420992642641068
"43EfrxZj",-0.108868092298508,0.00841215066611767,0.0179518684744835,0.477395355701447,-0.615918278694153
"457Vwm21",-0.0716150850057602,-0.153245031833649,0.637743771076202,-0.14123198390007,0.0595804341137409
"46KNnOdx",-0.449164003133774,0.800384759902954,-0.972303509712219,-0.0886580348014832,-0.141878724098206
"47TwNsVC",-0.381795257329941,-0.665844142436981,-1.80972492694855,0.893225848674774,-1.39092743396759
"49856RpO",-0.392985939979553,-0.143361374735832,-1.07414734363556,-0.524375319480896,-0.448840826749802
"4Ane1o2N",-0.416085094213486,-0.0966455414891243,-0.273823082447052,-0.606946647167206,0.0672833323478699
"4AyVUgSc",-0.353149771690369,-0.649306535720825,-0.355475902557373,-0.672462522983551,-0.311396688222885
"4B1951On",-0.174456924200058,-0.210372999310493,0.434675872325897,-0.707961201667786,-0.110683687031269
"4OL39Teo",-0.0843252390623093,0.319471091032028,0.132309705018997,0.435744315385818,-0.711223363876343
"4eQ90eLY",-0.210113972425461,-0.0500546507537365,0.187759444117546,0.336883544921875,-0.498596042394638
"4o5jwMj8",-0.495949566364288,-0.293868839740753,-0.803183078765869,-0.403872042894363,0.207761391997337
"4vPgpl2c",-0.406045019626617,-0.210279852151871,-0.318235903978348,-0.444034367799759,0.864541292190552
"51r9aA0d",-0.353024840354919,-0.792414307594299,-0.456394672393799,-0.516632854938507,-0.5319504737854
"58SmeRoP",-0.327241152524948,-1.09835386276245,0.481809020042419,0.0355332046747208,-0.479459941387177
"5HJp1AXn",-0.48962390422821,0.40054589509964,-1.05695569515228,0.267695873975754,-0.117206856608391
"5MBZW7fx",0.797347605228424,0.601835072040558,1.32572984695435,-0.549198150634766,-0.215878739953041
"5Nq3gHaP",0.291210174560547,0.724387288093567,0.390868216753006,1.01983535289764,-0.743871748447418
"5RmwFFK3",0.80759060382843,0.318473488092422,0.172938898205757,-0.193102329969406,-0.962089717388153
"5Tu5Jbov",-0.321872413158417,-0.0174468755722046,-0.645355045795441,-0.348101794719696,-0.156932845711708
"5YEolkev",-0.448669672012329,-0.0869263038039207,0.52357292175293,-0.798522710800171,-0.183513283729553
"5a8sf6QV",-0.110495358705521,-0.235661521553993,0.841301262378693,-0.349828898906708,-1.20541942119598
"5eSvmqYm",-0.399181872606277,-0.480624973773956,-0.00762210274115205,-0.851174235343933,-0.162324965000153
"5hkN8fiv",-0.424868047237396,0.11153370141983,-1.07311856746674,0.598891913890839,-0.9949791431427
"5oK8Gti5",-0.412571728229523,-0.0536626204848289,-0.454707384109497,-0.506539463996887,1.63453733921051
"5paniGaU",-0.52913624048233,-0.0299055054783821,-0.951337039470673,-0.9004225730896,1.63474321365356
"5vsr7ZUP",0.114169336855412,0.0595394559204578,0.975954532623291,-0.501631259918213,-1.18001747131348
"60B4xMWI",-0.175117179751396,0.720353543758392,1.21413707733154,-0.700628995895386,0.271369099617004
"64jOUtKy",0.301066845655441,0.568461120128632,0.553860187530518,1.30365014076233,-1.24937319755554
"6AJo4xNG",-0.261647045612335,0.589403629302979,-0.215311899781227,-0.0607303716242313,0.00249058590270579
"6CAvhEte",-0.498711824417114,-0.0657941401004791,-0.968615114688873,-0.554239928722382,0.261592239141464
"6CuGYjT5",3.50607538223267,-0.293930500745773,1.88103258609772,0.162225559353828,-0.831526041030884
"6DGH8ujZ",-0.38730463385582,-0.479135811328888,-0.966170310974121,-0.128475666046143,-0.642463684082031
"6PzsGdVm",-0.302764236927032,-0.394740283489227,-0.511555790901184,-0.0548319034278393,-0.499232262372971
"6UcSJMbq",-0.274891197681427,0.346117258071899,0.790839433670044,-0.305762887001038,0.221816182136536
"6WJbkH8U",1.25767230987549,-0.125323727726936,1.95319211483002,-0.503418445587158,-0.945719480514526
"6eUWsVzw",0.524451971054077,0.127360507845879,0.723989248275757,-0.635637938976288,-1.15954434871674
"6gNyO7Do",-0.0467790104448795,-0.151099041104317,0.246129617094994,-0.244212776422501,-1.19571363925934
"6jT0AyHe",-0.239296406507492,0.611449658870697,0.821911454200745,0.37378254532814,-0.795534908771515
"6nBgCvWu",-0.448938637971878,0.1743243932724,0.06727634370327,-0.86833518743515,1.17269921302795
"6ro5mqg6",-0.438058376312256,0.676763117313385,-0.0268776882439852,-0.571232676506042,0.474146604537964
"6sGqObX4",-0.529774308204651,-0.327779471874237,-0.681004106998444,-0.632957398891449,-0.626669466495514
"6uEGy0n4",2.15126395225525,0.195919796824455,2.25781679153442,-0.799843966960907,-0.944287538528442
"7BZ4LxP8",-0.0475439317524433,-0.240143045783043,0.188772559165955,-0.728506922721863,-0.518023490905762
"7CmigXKi",-0.476780384778976,-0.11588254570961,-1.13069117069244,-0.823324799537659,0.156065240502357
"7Ga0LpfR",0.656098306179047,0.667319893836975,-0.236927524209023,1.79917669296265,-0.938421487808228
"7PQsFvsG",-0.488113641738892,0.00955251418054104,-1.29161322116852,0.823903620243073,-0.280728101730347
"7aF7nnwn",-0.401372730731964,-0.454076945781708,-0.473699361085892,-0.844636559486389,1.40545415878296
"7asGzfX9",-0.354845613241196,0.342280119657516,-0.526658117771149,-0.556849002838135,-0.136980652809143
"7cg7C92o",0.0546067804098129,2.23978877067566,0.416424095630646,0.157689675688744,-0.367610931396484
"7eOxTpsB",-0.383418321609497,-0.0042572901584208,0.63993376493454,-0.512480735778809,0.912350296974182
"7ey0v7ma",-0.293576866388321,-0.28239694237709,-0.853676795959473,-0.0697469785809517,-0.737417936325073
"7gocyrYl",-0.479033529758453,0.371934056282043,-0.246381089091301,0.767363011837006,-0.020742816850543
"7gqR3GoA",-0.38427945971489,-0.352796286344528,-0.614909172058105,-0.326960444450378,-0.412656784057617
"7og7aUXB",-0.353590399026871,-0.0912523344159126,0.573646605014801,-0.256662964820862,-0.430037677288055
"7onRfa8F",-0.0397177338600159,0.739724814891815,0.177791923284531,-0.652773320674896,0.737191200256348
"7umkNuxM",-0.217197626829147,-0.0287264063954353,-0.147935301065445,-0.188638940453529,-0.353083550930023
"7vPr9ExD",-0.151572301983833,-0.0667500570416451,0.738869905471802,-0.512834429740906,-0.957813322544098
"7zNjpCzu",-0.4141646027565,-0.46417710185051,-0.333644211292267,-0.587295413017273,-0.706280529499054
"7ztsQNj3",-0.426117479801178,-0.479259967803955,-0.375051528215408,-0.634953677654266,-0.44330969452858
"86gppwMI",-0.530157089233398,0.220359608530998,-0.651578903198242,-0.282470732927322,1.0748838186264
"88thAGdL",-0.33209103345871,-0.159712940454483,0.184479981660843,-0.889293670654297,0.107803791761398
"8GhU8STP",1.25599646568298,0.358215630054474,1.34681069850922,0.0650584027171135,-0.723014950752258
"8NlzDcWe",-0.354702979326248,-0.451957255601883,-0.631568014621735,-0.625826597213745,0.0712597593665123
"8QAejdLW",-0.14545139670372,-0.18364705145359,0.272931933403015,-0.254469335079193,-1.27742803096771
"8RDeFxWM",-0.384431451559067,0.0184120517224073,0.388079166412354,-0.581048190593719,1.04339575767517
"8UXP2NBS",-0.669163286685944,-0.0349482409656048,0.0900894328951836,-0.879573345184326,0.698240578174591
"8ZoV3KGT",-0.407173126935959,-0.0460492558777332,0.438121318817139,-0.370057195425034,-0.634423017501831
"8ajs2uG8",-0.406420141458511,-0.371533751487732,-0.874764263629913,-0.478223770856857,-0.574987888336182
"8bXnz62p",-0.161076039075851,0.32288447022438,0.392308354377747,-0.368316441774368,1.3454213142395
"8nO1O1LG",2.31132388114929,0.649711787700653,1.53755474090576,1.43584668636322,-0.878380596637726
"8xE1p8g8",-0.409500598907471,-0.293856531381607,-0.444583475589752,-0.743328034877777,-0.1713747382164
"8yMDVMRM",-0.475103288888931,0.0558299198746681,-1.16280710697174,-0.695117771625519,-0.210218504071236
"98R5VaPi",0.603028297424316,1.16493439674377,2.76076340675354,-0.708609819412231,0.957127213478088
"9DcTz2Ua",3.13104271888733,-0.0141818905249238,2.39532852172852,0.276112705469131,-0.973048388957977
"9G7nfUrK",-0.566379964351654,0.0503158643841743,-0.627906382083893,-0.95726877450943,0.520281732082367
"9O6GZ1HT",-0.0383714102208614,0.364811837673187,0.862264037132263,-0.881828546524048,-0.403257250785828
"9S7fCoAM",-0.442745089530945,0.108512207865715,0.243064701557159,-0.948789656162262,0.835325956344604
"9iQwmFJR",-0.347788691520691,0.175077110528946,-0.598413527011871,-0.845938622951508,0.460732311010361
"A3Mt6SAQ",0.711782217025757,-0.114565268158913,2.955890417099,-0.969470918178558,0.810163915157318
"AJIsQIcV",-0.48111417889595,-0.156096652150154,-0.656563878059387,-0.673873722553253,0.845040261745453
"AMHKXMh8",1.88157200813293,0.456800431013107,1.94842672348022,-0.630098164081573,-0.668612420558929
"ASwA2J4E",-0.36884018778801,0.101898066699505,0.517786204814911,-0.62633740901947,0.664941430091858
"AaFvEoHq",-0.319175004959106,-0.193453729152679,0.623630225658417,-0.589156925678253,0.765734314918518
"AiIPD6hX",-0.285304963588715,-0.0589961297810078,-0.171268820762634,0.363308966159821,-0.558734714984894
"AsIURvJS",-0.40958309173584,-0.192394271492958,-0.598935067653656,0.782525539398193,-0.808687746524811
"AsvgbJ0C",-0.296325236558914,-0.0683591961860657,0.0426726154983044,0.306444495916367,-0.00829965248703957
"AxEhbkCM",-0.65654057264328,-0.248852029442787,-0.646674036979675,-1.06809771060944,-0.521575331687927
"B7VPkIpx",-0.390873074531555,0.383646875619888,1.14958798885345,-0.493744283914566,0.649480283260345
"BBwHqHiH",-0.160350143909454,-0.351388782262802,0.474406749010086,-0.173301562666893,-1.29506158828735
"BMyps8hr",-0.197206690907478,-0.157845199108124,-0.314968794584274,-0.526197731494904,-0.605217635631561
"BUHS4dQw",0.151575803756714,0.353431403636932,0.126975119113922,3.56318092346191,-0.602402746677399
"BZB3EYWQ",-0.36419215798378,-0.0356781892478466,0.478748321533203,-0.607582032680511,0.584393262863159
"C5UPCZcL",3.894606590271,-0.228905349969864,2.41877794265747,0.404302030801773,-0.681451976299286
"C5gIfQbJ",-0.654460430145264,0.0379824601113796,-1.49008190631866,0.872741222381592,-1.68824779987335
"CDRuu4Pn",-0.35398405790329,-0.162698745727539,0.0492781884968281,-0.732058644294739,0.931085348129272
"CQhTYkqE",0.717846512794495,0.260844647884369,1.53526592254639,0.357533901929855,-1.28705513477325
"CSEobMXv",-0.512824475765228,0.180754229426384,-0.859202086925507,0.227975651621819,-1.43204772472382
"CYMQE4x0",-0.0816691741347313,0.908837258815765,1.23110568523407,-0.380320578813553,0.484874814748764
"ChQdtl4J",-0.445805341005325,-0.0225151311606169,-0.0523924008011818,-0.846584796905518,0.481155842542648
"ChnD1nrN",-0.376041918992996,-0.454518646001816,-0.548114657402039,-0.685280978679657,-0.612014770507812
"CvtbbIcq",1.10663819313049,0.963182687759399,1.62449932098389,-0.445221394300461,-0.801247596740723
"Cxk06b77",0.0761920511722565,0.570215880870819,0.88170862197876,-0.10696317255497,0.116046600043774
"D3QD3ZEJ",-0.147541001439095,0.117472857236862,0.138378888368607,-0.0478217490017414,0.562069654464722
"D8J5C6lA",0.549756526947021,0.697782814502716,0.912586569786072,-0.227302148938179,-0.850192666053772
"DCeQwYfT",-0.15816730260849,0.0156895574182272,0.429377973079681,-0.0705985501408577,-0.613573372364044
"DDEftkx3",-0.510347127914429,0.0601248256862164,-0.796926915645599,-0.758184552192688,1.44179201126099
"DEwCfeDW",-0.407911479473114,0.176679477095604,-0.159774392843246,-0.00187189551070333,1.00485599040985
"DMkIV4oL",-0.398189157247543,-0.111919805407524,-0.562174499034882,-0.540720582008362,0.878190815448761
"DnzGfbxS",-0.212510153651237,0.143416419625282,0.32861652970314,-0.383898228406906,-0.547899723052979
"DoZxo6f6",-0.356200397014618,-0.010780586861074,0.0245165191590786,-0.533602476119995,0.78322434425354
"DvhBPGIk",-0.361422032117844,-0.481119245290756,-0.0864342451095581,-0.48481348156929,-0.0863891169428825
"Dx7GoUcT",-0.475340187549591,0.0684820339083672,0.0786801353096962,-1.0503476858139,1.28114640712738
"E5hIjohO",0.544442653656006,-0.184905961155891,0.988617897033691,0.993530571460724,-1.56594049930573
"E6x4XGHt",-0.432198792695999,0.00668000290170312,-1.09108126163483,-0.889659643173218,1.28730762004852
"EDEpAzh1",-0.442856937646866,-0.562565088272095,-0.749355137348175,-0.776464998722076,-0.592880129814148
"ETGudkQt",-0.417227417230606,0.575174450874329,0.190720990300179,-0.582241594791412,0.232033222913742
"EUleKrLJ",2.57382869720459,0.371564120054245,1.98061144351959,0.0989111885428429,-0.0433369539678097
"Ehw2Jz6s",-0.423782140016556,-0.313789784908295,-0.820408403873444,-0.60275411605835,0.726921021938324
"EjqzC4zH",-0.503441035747528,0.299190491437912,-0.0230242349207401,-0.685754299163818,0.367983192205429
"EkMZO3Qj",-0.48530849814415,0.925929069519043,-0.350231140851974,-0.638852059841156,0.549582660198212
"EnoNXWvU",-0.199273779988289,0.657145798206329,0.780696034431458,-0.403127938508987,-0.175268769264221
"Epv8ANwr",-0.312196522951126,0.0539367087185383,-0.294982820749283,0.208204090595245,0.253852099180222
"Etro9j0B",-0.0977292358875275,3.29089689254761,0.200405418872833,-0.448842525482178,-1.31421709060669
"F3MIZj76",-0.32234400510788,-0.153752475976944,-0.933884084224701,0.231276988983154,-0.915834426879883
"FB8tU00K",-0.658732831478119,0.233790189027786,-1.15985286235809,0.373782753944397,0.0836630687117577
"FLhxBGMK",-0.306965827941895,-1.15257358551025,0.802064120769501,-0.482358694076538,-1.65252864360809
"FRreR8ka",-0.383770823478699,0.0403326265513897,-0.38749086856842,-0.423217386007309,0.533457159996033
"FXne4oAV",0.17999641597271,1.00294673442841,0.754498720169067,-0.308624267578125,-0.78151148557663
"FaW764jk",-0.199682801961899,0.13154461979866,0.712350606918335,-0.139207050204277,0.120654582977295
"FeAbMXly",-0.457943618297577,-0.0226280335336924,-0.878895401954651,-0.574014544487,0.77697479724884
"FeudaFXn",2.48863863945007,-0.513451039791107,1.90926456451416,-1.10869765281677,-0.682308912277222
"FldUmFeM",1.0610089302063,-0.0363974533975124,2.24731969833374,-0.567335367202759,-0.085129089653492
"Fnv5tfAm",-0.344042092561722,-0.226607918739319,-0.590859234333038,-0.290239721536636,-0.45846039056778
"FvrAd3Or",-0.317946076393127,-0.335486769676208,0.883700132369995,-0.725451827049255,0.820483446121216
"G48zHffi",-0.547629117965698,-0.0768200233578682,2.06165385246277,-0.763870894908905,1.14506435394287
"G76zCv5N",-0.345641046762466,-0.0790158808231354,-0.458556860685349,-0.39658060669899,0.0646656975150108
"G7JGUdNf",-0.282575905323029,0.142029002308846,0.642513930797577,-0.389710038900375,-1.48207759857178
"GCo6MONx",1.1930605173111,0.156859502196312,0.978319942951202,-0.0664143934845924,-0.561159789562225
"GE0vbpVQ",-0.203758060932159,-0.240763664245605,-0.0385068766772747,-0.571430027484894,0.924263119697571
"GN0DfOqt",-0.538568258285522,-0.307024717330933,-0.751663744449615,-0.783371031284332,0.627149343490601
"GNsTAb1v",-0.440494537353516,0.00921406503766775,-0.210833951830864,-0.472730576992035,-0.472872793674469
"GPwmO21z",-0.285019725561142,-0.153227224946022,-0.617846250534058,-0.237881109118462,-0.133820727467537
"GQYpfLoh",0.889448821544647,0.0699217244982719,0.0124888177961111,-0.00800950080156326,-1.08527934551239
"GR9knT8n",-0.490285277366638,-0.209019094705582,-1.22549831867218,0.610343396663666,-0.310220956802368
"GXtFFbZy",-0.335634857416153,0.361312627792358,1.47909617424011,-0.20073227584362,0.0348084568977356
"GYvzvvFD",-0.495339512825012,0.586346447467804,-1.12319195270538,0.146964579820633,0.691460132598877
"GemPjTJ9",-0.401845037937164,-0.130137905478477,-1.27147877216339,0.662976622581482,-0.791261374950409
"GkLYRm1K",2.50008869171143,-0.0973550155758858,2.30872702598572,-0.751931667327881,-0.95479816198349
"GmlqP8eI",-0.715068221092224,-0.511702179908752,-1.08547675609589,-1.03345668315887,-0.911518156528473
"GqkIrOvf",-0.376638889312744,-0.018056083470583,-0.678953647613525,0.777514517307281,-1.05972456932068
"H0fsegPi",-0.412337183952332,-0.259544432163239,-0.127438858151436,-0.989696025848389,0.59853595495224
"H4dHpJjU",2.49780130386353,0.459446400403976,1.90666711330414,0.27090248465538,-0.677709460258484
"H5QwJCuU",1.61560654640198,0.877077758312225,2.62790608406067,1.03333449363708,-0.750222086906433
"H5uwmSZ0",-0.478204250335693,0.589043140411377,-1.07035255432129,-0.604882061481476,0.366508424282074
"H8MtbVoL",-0.393182396888733,-0.027661569416523,0.461739987134933,-0.738031208515167,-0.444582104682922
"H9JrUYnp",-0.377054899930954,0.180601879954338,-0.129907816648483,-0.408441990613937,0.728584945201874
"HHYmmHVk",-0.43365290760994,-0.0728918239474297,-0.162111148238182,-0.792669594287872,1.42705607414246
"HJ5U4uqL",-0.715796411037445,-0.2298763692379,-1.6591511964798,-0.430889338254929,0.195620968937874
"HNQxYc4w",-0.310184955596924,-0.0320096239447594,-0.166006863117218,-0.459744721651077,-0.199460864067078
"HQYhKHZ8",-0.488988220691681,-0.097664475440979,-0.58657568693161,-0.733571350574493,-0.517461895942688
"HSCMx0MC",-0.399461597204208,0.121433272957802,0.391301035881042,-0.533306539058685,0.982387900352478
"HXYuE0fx",3.00601482391357,-0.295948773622513,2.08424758911133,-0.0515266433358192,-0.700924634933472
"HdKcxEWr",0.321507155895233,1.48405683040619,0.893923878669739,0.105606719851494,-0.804966449737549
"HecW1iCC",-0.475156277418137,-0.246247246861458,-0.769696295261383,-0.918586313724518,-0.0973970741033554
"HpbKB8rv",-0.294643819332123,-0.254004806280136,-1.28733026981354,0.413329482078552,-1.32686173915863
"HrkoYjCg",-0.169603317975998,2.67021822929382,-0.156004652380943,0.802139222621918,-0.618758797645569
"I5P2uquT",-0.247715532779694,-0.212308406829834,-0.228071957826614,-0.52897185087204,0.176804229617119
"I94qkDM7",-0.379815220832825,0.605852007865906,-0.892664432525635,-0.239742755889893,0.452930569648743
"I9sQbtt8",-0.182917803525925,-0.319887936115265,-1.23613297939301,1.2247771024704,-1.48863995075226
"IFxgw6ZX",-0.357036083936691,0.278924822807312,-0.0851685106754303,-0.727611541748047,-0.286836236715317
"IPPPSyoU",-0.470503777265549,0.0392473563551903,-1.05911314487457,-0.193875446915627,-0.215310513973236
"IQOYQubU",1.82570779323578,0.0633188858628273,1.41113662719727,-0.154376074671745,-0.459815591573715
"IYNE2SxU",-0.625957310199738,-0.0508340559899807,-0.514366090297699,-0.593181192874908,-0.625038027763367
"IZRFk9kN",-0.317654848098755,0.00686166435480118,0.13430792093277,-0.218668013811111,0.000903200474567711
"Iaq3v0t3",1.04097771644592,0.0997521281242371,2.72658705711365,-0.928580403327942,0.708747982978821
"IbVwu1t6",-0.378256916999817,-0.208170458674431,-0.916741251945496,-0.0339968539774418,-0.759311079978943
"IcHKTLyo",-0.0886872485280037,0.154287025332451,0.320979624986649,-0.478486686944962,-1.34688627719879
"IpW80wVB",-0.366966605186462,-0.205244183540344,-0.216448485851288,-0.193137958645821,-0.579265892505646
"Itb0PYUV",2.14177823066711,0.14545165002346,1.51410949230194,0.405727386474609,-0.519904851913452
"J8fpSwS0",-0.381663888692856,-0.405947059392929,0.703555107116699,-0.637284696102142,0.959633052349091
"JE1SlbD0",0.733622252941132,1.38972890377045,0.473704516887665,2.26275229454041,-0.931326329708099
"JEB4McNb",1.16017234325409,-0.119910679757595,1.78968608379364,-0.386486321687698,-0.966136932373047
"JEE4QVeQ",-0.496250152587891,-0.0556254014372826,-0.397932678461075,-0.589056491851807,-1.33590114116669
"JJSEU2VQ",-0.444731682538986,-0.139543369412422,-0.549221396446228,-0.714538335800171,0.729417502880096
"JSsVriP2",-0.0885936096310616,-0.44176584482193,0.68330705165863,-0.927364528179169,0.528594017028809
"JUvQNiOK",-0.0867196172475815,0.901444971561432,0.244817659258842,-0.457145124673843,0.274779915809631
"JZbrRtm2",0.112221382558346,0.0989633724093437,1.27055621147156,-0.761663913726807,-0.067038968205452
"JcE9G92B",-0.182953387498856,0.437198758125305,-0.345534890890121,0.445998549461365,-0.383668422698975
"JnNYpXHr",0.483768492937088,3.12043046951294,0.301079750061035,2.08976888656616,-0.663892686367035
"JzpbnOtz",-0.325357764959335,-0.0423350222408772,0.294386893510818,-0.479328900575638,1.02233529090881
"JzzUhPQp",2.3996946811676,0.0627701058983803,2.31439161300659,-0.489858448505402,-1.01259589195251
"K05R8dQK",-0.417458266019821,0.125442519783974,-0.79928058385849,0.67681086063385,-0.614141941070557
"K17pG2mG",-0.315743148326874,-0.232029840350151,0.45962056517601,-0.629919648170471,0.74537593126297
"K8BellUe",-0.169230967760086,-0.28319439291954,0.165135711431503,-0.660329222679138,-0.469072252511978
"KJ2eH6rr",-0.250197678804398,1.44149386882782,0.754694879055023,-0.0408021323382854,0.274576723575592
"KJEJ6Glk",0.586800992488861,0.999225437641144,0.453546017408371,1.26900541782379,-0.954070925712585
"KSbO0oXS",0.468129307031631,1.06460237503052,0.788482546806335,1.75658941268921,-1.27931678295135
"KXtvmd01",-0.469839662313461,-0.0396023243665695,-0.277340114116669,-0.636195719242096,0.435799062252045
"KYiJqBuJ",-0.188836127519608,-0.238668635487556,0.829886436462402,-0.640396237373352,-1.31967806816101
"KmbAyTcE",-0.429200857877731,0.00543612847104669,-0.0363229550421238,-0.021462507545948,-0.326274305582047
"KnNyl3rV",-0.111301921308041,-0.489931523799896,1.05277466773987,-0.382963240146637,0.40920290350914
"Kp2DG8TZ",-0.292556762695312,0.441404163837433,1.39156150817871,-0.581750631332397,0.89782726764679
"KqQtKWs5",-0.382961213588715,-0.394404590129852,-0.608734548091888,-0.706234753131866,0.683777630329132
"Ku27g63R",1.40162527561188,-0.203603476285934,2.7544162273407,0.35600334405899,-0.939370572566986
"L2aTVqDq",-0.543645858764648,0.130323514342308,-1.35334348678589,0.832213878631592,-0.149102553725243
"L5jvq6G4",-0.38295766711235,-0.351353675127029,-0.306913405656815,-0.803726851940155,0.875506103038788
"L91hYVQl",-0.371093034744263,-0.818212330341339,-0.535576820373535,-0.731238782405853,-0.260423451662064
"LINAMlbA",-0.429834097623825,0.952817320823669,-0.834300398826599,0.390807777643204,-0.128451615571976
"LJoUNXSx",-0.418474197387695,-0.33592888712883,-1.26648771762848,-0.0421186313033104,-0.418412715196609
"LLtSiyWD",-0.414819061756134,-0.192917302250862,-0.621629953384399,-0.475706160068512,-0.0713506266474724
"LQJtV8kn",-0.0343449711799622,-0.351643621921539,0.914516091346741,-0.263478517532349,-1.51285076141357
"LW9uddw7",-0.274459093809128,-0.160113781690598,-0.881490528583527,0.531210064888,-1.20365750789642
"LZ6sdBTR",0.992066621780396,0.33304625749588,1.11568832397461,-0.0943356528878212,-0.579599261283875
"La2Vhnne",0.244390666484833,0.0797769799828529,0.510209619998932,1.30583775043488,-0.949264049530029
"LaUWSq9B",-0.226517558097839,0.592357993125916,0.486828744411469,0.0986275970935822,-0.158224284648895
"Lk4SfkPQ",-0.362616091966629,-0.136064633727074,-1.02327942848206,-0.54902583360672,-0.617013812065125
"LllC836d",-0.359366625547409,0.399419456720352,-0.509988725185394,0.200695231556892,0.270574778318405
"LuGiGeWN",-0.340364545583725,0.478182047605515,-0.998803317546844,-0.1788290143013,0.735119462013245
"LzcyHcWa",-0.437124520540237,0.0350114889442921,-0.63957417011261,-0.65972626209259,0.806701302528381
"M7veP0H4",-0.421061426401138,-0.103736005723476,-0.175109922885895,-0.377314478158951,1.05523025989532
"MB8aaJUc",-0.414022296667099,0.313817083835602,-1.50161182880402,0.431986838579178,0.389324694871902
"MDpe2zuy",-0.466133654117584,-0.53206729888916,-0.43979150056839,-0.735133588314056,-0.500724315643311
"MEzdmEIU",-0.368705332279205,-0.524931371212006,-0.0457959920167923,-0.560909926891327,0.231212303042412
"MVnhtivm",-0.239277958869934,-0.337691992521286,-0.726319670677185,-0.318494468927383,-0.553708910942078
"MYU7WDis",-0.50396990776062,0.7364781498909,0.463241159915924,-0.612110793590546,0.405919253826141
"MZFqh6yw",1.74022805690765,0.818491280078888,2.54224300384521,-0.535446226596832,-0.152020871639252
"Mdgy4SsO",1.09119880199432,0.0829461663961411,0.034375324845314,1.62279903888702,-0.999116718769073
"Mj8awnzy",-0.294787108898163,0.0451475828886032,0.736354947090149,-0.647421300411224,1.03254556655884
"MpFPbUJy",2.6835024356842,0.469723522663116,2.05038976669312,0.402585655450821,-1.02743923664093
"Mqk7MFBM",-0.295905441045761,0.209344103932381,0.214373245835304,-0.685852944850922,0.800965428352356
"Mqs2t1Eo",-0.371783137321472,-0.374244332313538,-0.586744666099548,-0.485190391540527,-0.478728830814362
"Mv3jFVxp",-0.336855202913284,-0.037977185100317,0.271299809217453,-0.358858078718185,0.599585294723511
"MxODTXvA",-0.370525985956192,-0.481561422348022,0.807937979698181,-0.258924245834351,-1.69836688041687
"N46PbpPM",-0.470332682132721,-0.248204335570335,0.440808743238449,-0.868860065937042,1.70412731170654
"N5S5F9Gk",-0.474833458662033,0.809133231639862,-1.13444077968597,-0.36657840013504,1.20629227161407
"NLDg5fqw",-0.126750722527504,-0.460163146257401,-0.236515194177628,-0.772306621074677,0.526321411132812
"NOho2ZiM",2.46264696121216,-0.0152927823364735,2.01855206489563,0.293321907520294,-1.01589143276215
"NUuY7PFU",2.06489777565002,0.645065307617188,1.44834780693054,0.995358407497406,-1.04095482826233
"NV1e8AEO",-0.397645890712738,0.197867259383202,0.147661983966827,-0.670015692710876,1.19756138324738
"NZLXROKC",0.0612776912748814,0.123413309454918,0.721406936645508,-0.118166238069534,-1.1848726272583
"NaJo7C6o",0.573098659515381,0.166331738233566,0.928871154785156,0.189889520406723,-0.00789244472980499
"NgsyGkrO",-0.0775245875120163,0.940158188343048,1.24436354637146,0.715052127838135,-0.843183994293213
"NjOx4Zpo",-0.373992085456848,0.073612667620182,-1.23946309089661,1.00850141048431,-0.906586110591888
"NmQoI7x0",2.0287492275238,0.0899384319782257,2.20176005363464,-0.680290222167969,-0.598466753959656
"No4wkdLS",-0.352598130702972,-0.165242403745651,-0.66090726852417,-0.485873848199844,-0.0488608255982399
"NouMwhOf",-0.331486135721207,0.441604882478714,0.402434021234512,-0.369343400001526,-0.0854913741350174
"O6YAWd8C",-0.173672258853912,-0.284007489681244,0.154730662703514,-0.224909052252769,-1.37155258655548
"OAXVphSh",2.52711653709412,0.707318305969238,1.97476935386658,-0.291299253702164,-0.205061450600624
"OJBBhb6Q",-0.413628697395325,-0.448443710803986,-0.426094233989716,-0.797874093055725,1.4224179983139
"OSIQXImL",0.405016213655472,-0.777154982089996,1.37415051460266,-0.0922016277909279,-1.65380859375
"OUUFc5Zz",-0.412892162799835,-0.0287284478545189,-0.214385479688644,-0.621247529983521,0.570594727993011
"OVk1lquT",0.266387820243835,1.00379240512848,0.261011451482773,1.65287899971008,-0.0836289525032043
"OXdRxjzz",-0.319390386343002,0.109435059130192,-0.943442523479462,0.117391012609005,-0.693349599838257
"OXxW2ekf",-0.406470894813538,0.00901766307651997,-0.481508702039719,0.108385682106018,0.148586809635162
"OXz5OpqR",-0.124723553657532,0.388278812170029,1.18292427062988,-0.23479825258255,-0.0850960686802864
"OcBFW1AX",-0.388218343257904,0.945852935314178,-1.18137860298157,0.455230385065079,0.587219297885895
"Of9V2rpt",-0.314196020364761,-0.027530075982213,0.536821365356445,-0.337543785572052,-0.586125791072845
"OfLxPhbG",-0.203433722257614,-0.0752185136079788,0.0796309188008308,-0.248252853751183,0.971598863601685
"Ojx2vi48",-0.322030484676361,-0.18414381146431,-0.535685837268829,-0.4376240670681,0.549406409263611
"P3M32iuT",-0.378050535917282,-0.442345589399338,-0.550797820091248,-0.936684191226959,0.446881711483002
"P7olVzrO",-0.277113854885101,-0.149427145719528,0.00783928856253624,-0.291708022356033,-0.115445785224438
"PAPHErnv",-0.403429687023163,-0.468617171049118,-1.04515027999878,-0.0988867953419685,-0.648684203624725
"PBjEtfXb",-0.282362550497055,-0.0092479782178998,-0.357062160968781,-0.610167384147644,0.1903146058321
"PZGpoBBj",2.00840139389038,0.239377617835999,2.24913954734802,-0.80724173784256,-0.919019460678101
"Pc2RrxXS",-0.319707274436951,-0.63181084394455,0.0859265923500061,-0.482534825801849,-0.183898136019707
"PcHQ4FOu",-0.405653893947601,-0.276676118373871,-0.376182615756989,-0.828387856483459,-0.0690400525927544
"PeNyTOVN",-0.218740150332451,0.0578514337539673,-0.374193102121353,-0.294448852539062,0.134169086813927
"PhUPSU53",-0.382751286029816,-0.55475926399231,-0.690486311912537,-0.504453241825104,-0.433306068181992
"PmUNeV2O",-0.350894808769226,-0.111843504011631,-0.701329112052917,-0.500858545303345,0.273126065731049
"PoDJ0uvK",0.825045228004456,0.87877881526947,2.11906814575195,0.131373524665833,-0.504584968090057
"PsUJdJdg",-0.222207441926003,0.138217970728874,-0.147721618413925,0.620921015739441,-0.526992619037628
"Q3xLFx1f",-0.3415786921978,-0.603556275367737,-0.87509024143219,-0.380074620246887,-0.513965964317322
"QBGxCvdM",-0.138528406620026,-0.0646661147475243,0.564053893089294,-0.474377334117889,-1.32571947574615
"QCEPyu6L",-0.569665372371674,-0.0560821294784546,-1.39328587055206,-0.0234027188271284,-0.379474192857742
"QEfwec4s",3.99133038520813,0.33482950925827,2.21439123153687,1.99883735179901,-0.692934393882751
"QZ87Nnr3",-0.49412989616394,0.241735368967056,-0.451488524675369,-0.588678538799286,1.17521297931671
"QlyGN9jv",-0.398763537406921,0.066019095480442,-0.406631797552109,-0.468004792928696,0.419276088476181
"QqgWE1ny",-0.424625277519226,-0.272690147161484,-0.0873232260346413,-0.439319223165512,-0.655278027057648
"QrjjBpZd",-0.424270540475845,0.287247955799103,-1.05426824092865,0.477107763290405,-1.20990979671478
"QsaBiX7V",-0.343236118555069,0.226216688752174,0.0417340695858002,-0.674882769584656,-0.261366665363312
"QtBKJuZk",-0.361815601587296,-0.025191780179739,-0.338670045137405,-0.600882470607758,0.563065409660339
"QtPRO8OJ",-0.407663553953171,-0.0888895988464355,-0.522550582885742,-0.105910822749138,1.0906343460083
"R8XcsFnp",-0.394315958023071,0.253386735916138,-0.471965432167053,-0.683234095573425,1.25376498699188
"RROfRt9z",-0.186650037765503,0.322875797748566,0.124538272619247,-0.0742715001106262,-0.439208686351776
"RTcbiDGq",-0.23743548989296,-0.119695045053959,-0.159377753734589,-0.537367284297943,0.0316938795149326
"RVidM9g0",0.00742259621620178,0.242844238877296,2.24429106712341,-0.877937197685242,1.24234330654144
"RZnQSH19",-0.482113480567932,0.00179489830043167,-0.375772297382355,-0.74404901266098,0.804721355438232
"Rc4UK7fT",-0.473528534173965,0.0739084929227829,-0.870747268199921,-0.238723680377007,0.203240156173706
"RcKBKh6B",-0.357223212718964,0.182074472308159,-0.598151743412018,-0.510082721710205,0.241705670952797
"ReM5kDa5",-0.172527149319649,-0.0964578166604042,0.764614999294281,-0.48764306306839,-0.981372237205505
"RfntsotG",-0.474333763122559,-0.070332795381546,-0.0536226816475391,-0.813185095787048,0.801827430725098
"RiXMlzXD",-0.292295306921005,-0.572590827941895,-0.0592365600168705,-0.5616854429245,-0.880482256412506
"Rik83O3m",-0.33883273601532,-0.0985616445541382,-0.47335010766983,-0.550519585609436,-0.22997322678566
"S3PCzDzO",-0.183982282876968,0.139592170715332,1.24778413772583,-0.725502073764801,-0.00695562269538641
"S77BviOJ",-0.368660569190979,-0.26595613360405,-0.246456548571587,-0.886130273342133,0.0874618515372276
"SDdvtktF",-0.341186016798019,-0.177165180444717,-0.640851080417633,-0.315604895353317,-0.964385449886322
"SHs1AyfM",-0.277821123600006,0.00242060865275562,-0.390454202890396,-0.366645038127899,1.30464339256287
"SO4zQy9k",-0.408823102712631,0.00285707879811525,-0.428255021572113,-0.617411673069,0.389614552259445
"SOOBCoiG",-0.57864636182785,-1.12547552585602,-0.0479631870985031,-0.812423944473267,1.05170297622681
"SXkkPB7A",-0.385095685720444,-0.120619282126427,0.707458794116974,-0.454433888196945,1.16437911987305
"Sa93dGqq",-0.389967650175095,1.10112977027893,-0.834019184112549,0.436836183071136,-0.32962304353714
"SonIG72a",-0.389039367437363,0.179638668894768,-0.426749676465988,-0.397978097200394,0.468071937561035
"Suf6hIBc",-0.331525802612305,0.0886664167046547,0.0251398328691721,-0.658649802207947,0.490391314029694
"Sx2JeSRz",0.0268215052783489,0.0104651292786002,0.639108419418335,-0.0672796666622162,-0.359452545642853
"T1Tlftr4",-0.223299786448479,0.187734872102737,1.31456255912781,-0.584909677505493,0.987911701202393
"T7ulR4ci",-0.340717047452927,-0.093763567507267,0.256552547216415,-0.779563188552856,0.949842870235443
"TA1NB3Br",-0.381244361400604,-0.0316461399197578,0.667178809642792,-0.612393379211426,0.51905220746994
"TFZUskaK",-0.285176962614059,-0.248437911272049,0.1367327272892,-0.145840123295784,-0.432416141033173
"TNL8HGWZ",-0.176858574151993,0.022748414427042,0.372342079877853,-0.602112591266632,-1.26253974437714
"TZ8z1GSF",-0.441119164228439,-0.269237250089645,-0.517951250076294,-0.532014727592468,0.274951785802841
"TqhRvkJJ",1.86054992675781,-0.543348371982574,2.084885597229,-0.636244773864746,-0.574378728866577
"TtJCUiY4",-0.380444884300232,0.360377550125122,-0.107744768261909,-0.784282624721527,0.870459496974945
"TwDq0lua",0.214513346552849,0.177576616406441,0.228273883461952,-0.782386600971222,-0.601978003978729
"Tzyf02sI",-0.430866956710815,-0.774014115333557,0.736798465251923,-0.502697348594666,0.701260328292847
"U3yI6ZS5",3.78769946098328,0.242030933499336,2.31093168258667,1.21005773544312,-0.830623805522919
"UBLnXZAN",-0.481537044048309,0.153784111142159,-1.46808588504791,1.66489315032959,-0.981846690177917
"UBWDzleg",-0.440818935632706,-0.095367394387722,-0.892765820026398,0.310261905193329,-1.01638352870941
"UBqkX6SY",1.61792707443237,0.46380802989006,1.95275545120239,-0.624117851257324,-0.904804885387421
"UCIAi1Aj",-0.369086086750031,-0.180828049778938,-0.8609858751297,-0.61723530292511,-0.959493279457092
"UPbXGvCS",-0.12150727212429,0.119217447936535,0.492608189582825,-0.340935885906219,-1.46012282371521
"UeWm1l9F",-0.354065150022507,0.0795844718813896,-0.422237277030945,0.77368438243866,-0.392583310604095
"UhucscY7",-0.429349392652512,-0.307868421077728,-0.877573132514954,-0.840243339538574,-0.846488296985626
"Uri1SvHV",-0.102812796831131,-0.0590453259646893,0.489886611700058,-0.288658320903778,-1.37008368968964
"UzxipGJS",-0.515705347061157,0.143973812460899,-0.591558575630188,-0.497941553592682,0.339577972888947
"V74zfaAQ",-0.161014214158058,-0.0963386297225952,0.251556098461151,-0.283132702112198,-1.35837543010712
"VBPxBLTh",2.23115086555481,0.18585991859436,1.8341076374054,0.371616661548615,-0.80084216594696
"VLG7CXYS",-0.347290396690369,0.20195272564888,0.50111722946167,-0.246912121772766,0.240938767790794
"VNk52SpF",-0.372393786907196,0.0562784858047962,-1.89447045326233,1.08829128742218,-1.30992949008942
"VOREKsok",-0.540253520011902,0.0595720373094082,-0.622359454631805,-0.853824496269226,1.73149561882019
"VRhTr5pX",-0.416711539030075,-0.247851252555847,-0.447945296764374,-0.611215174198151,0.0890309438109398
"VTcG4Kcw",-0.187666177749634,0.245026454329491,1.13846731185913,-0.623173654079437,0.928771257400513
"VeKiWSbS",-0.443063646554947,-0.0684616342186928,0.0377400442957878,-0.564556419849396,0.458789825439453
"VnU8nJHU",-0.377223581075668,-0.0974326804280281,0.0205042082816362,-0.743730545043945,0.0300919860601425
"VueNCxYv",-0.287509381771088,0.411717414855957,-0.85659122467041,-0.488854765892029,0.0201309807598591
"VxuQTRUl",-0.472383290529251,-0.552434921264648,-0.138627514243126,-0.720491170883179,-0.44929027557373
"W5lgaocA",1.21795058250427,0.620948195457458,2.35964870452881,-0.499477416276932,-0.0300143323838711
"W5mMq9Ef",-0.552426517009735,0.151045873761177,-0.841486752033234,0.138904586434364,0.461757272481918
"WDhNqFpS",0.284549534320831,-0.100793600082397,0.15800105035305,1.99358093738556,-1.48541224002838
"WE6n1kZi",-0.61625874042511,-0.167621970176697,-1.32760167121887,0.098124735057354,-0.437421977519989
"WFk6r3vA",-0.388655781745911,-0.249099984765053,-0.438078850507736,-0.646734118461609,-0.0572141520678997
"WFyIrsUR",-0.326752066612244,0.240283951163292,-0.582331478595734,0.249803736805916,-0.111305117607117
"WG6ZAsqR",-0.479146599769592,-0.0552720203995705,-0.704659223556519,-0.786366164684296,1.32682526111603
"WMq3CZQk",-0.464986324310303,0.0116596454754472,-1.42809367179871,0.506736278533936,-1.03259360790253
"WRskmGjh",-0.505131185054779,-0.108524367213249,-0.513803958892822,-0.800092935562134,-0.378322303295135
"WXijSglj",-0.47022670507431,-0.182377323508263,-1.01523506641388,-0.599449038505554,-0.587702631950378
"Wc0stQgu",-0.1825832426548,-0.428304940462112,-1.05179762840271,0.0886524468660355,-0.960113883018494
"WewoSCUB",-0.37897053360939,-0.35861724615097,-0.715108394622803,-0.677090644836426,0.908176779747009
"WuHuhHWJ",-0.396314471960068,-0.174976646900177,0.392770349979401,-0.660308718681335,0.792223513126373
"Wv7EBtZb",1.25722062587738,1.40904986858368,1.58608067035675,0.0585533827543259,-0.823516070842743
"WyPlxDn0",-0.392116904258728,0.118280187249184,-0.35990047454834,-0.656710684299469,0.717199862003326
"X3WqoSNN",3.32355427742004,-0.290662616491318,1.58757090568542,0.234855815768242,-0.940687954425812
"XDhyP9KB",-0.324775367975235,-0.119873531162739,-0.719646751880646,-0.27187791466713,-0.28710463643074
"XQxhDRMG",-0.518264889717102,-0.317444235086441,-1.16127383708954,0.0162477865815163,0.267961919307709
"XjLNAwxW",0.200187832117081,-0.569986045360565,0.208596661686897,0.36026930809021,-1.6892021894455
"XjfVQbXd",0.466631978750229,0.358618497848511,1.98837113380432,-0.516424417495728,-0.462346792221069
"Xovczbf6",-0.507513523101807,0.0593046471476555,-0.604839205741882,-0.792670428752899,1.73206508159637
"Y8H4onBf",-0.462025493383408,-0.460647135972977,-0.312293738126755,-0.692856311798096,0.749480307102203
"Y8YgzSZ9",1.07385194301605,0.982809066772461,2.02814245223999,0.527009189128876,-0.739317178726196
"YC4PNV20",-0.451750963926315,0.0600019507110119,0.064967080950737,-0.944482862949371,1.2680516242981
"YDHSCRdd",4.52794694900513,0.465849339962006,2.32655334472656,2.50773119926453,-0.452689796686172
"YIJ87aME",-0.230874136090279,0.0721579492092133,0.0143475839868188,-0.662768304347992,-0.132531434297562
"YKvT4dFv",-0.457594513893127,0.131267964839935,-0.16868993639946,-0.300234109163284,0.3477563560009
"YNebALR2",-0.45622307062149,0.624622225761414,-1.03413259983063,0.0421270169317722,0.579881906509399
"YNrnqFyb",-0.337062001228333,0.243537530303001,-0.103754714131355,-0.38328343629837,-0.0758684128522873
"YUZ4lR3m",-0.414551198482513,-0.0475153736770153,-0.222454696893692,-0.376135855913162,0.311527132987976
"YYLvjoVC",-0.0131016112864017,0.0516472347080708,0.223014399409294,-0.525996327400208,-0.0994480699300766
"Yb8OtMb2",0.012886380776763,0.0943605527281761,0.76325511932373,-0.320273876190186,-1.3208646774292
"Ycg4lTYw",-0.4831483066082,-0.0707243904471397,-1.15875744819641,-0.100216530263424,-1.90804028511047
"Yfk6tekH",0.0609234720468521,0.276442587375641,0.956153571605682,-0.713232398033142,-0.50812441110611
"YoSfgmR6",-0.608399331569672,-0.166936337947845,-0.648003995418549,-0.54777467250824,-0.127918183803558
"YpzFvexy",-0.433825194835663,-0.209034770727158,-0.778047978878021,-0.28997591137886,0.0704788938164711
"Yxqppfa3",-0.266047745943069,0.503101646900177,0.0913931652903557,0.00820322893559933,0.240541368722916
"Z16jTUvP",-0.325424194335938,0.179488033056259,-0.930565595626831,-0.294599324464798,-0.0706784129142761
"Z2BdCCbJ",-0.262463480234146,0.152774676680565,0.143922209739685,-0.65216338634491,0.530391573905945
"Z2JJMM6V",-0.227555781602859,-0.0230536181479692,-0.299498796463013,-0.131371900439262,0.922271966934204
"Z5jE1OB5",-0.325482755899429,0.229220792651176,-0.158494800329208,-0.721399307250977,0.23962464928627
"ZFsIqYxA",-0.338087201118469,-0.108421437442303,-0.483571171760559,-0.326984584331512,-0.156109422445297
"ZHDVsoRh",-0.395321637392044,-0.184003755450249,-0.714602768421173,-0.402828991413116,-0.312498450279236
"ZSmfu2Fc",-0.349563479423523,-0.167343765497208,-0.72529661655426,-0.118579469621181,-0.482862412929535
"ZU8YXF3H",-0.484963327646255,-0.00832959823310375,-0.492494940757751,-0.740358769893646,1.48463594913483
"ZXKaNy6Z",-0.544636964797974,-0.34885048866272,-1.3614114522934,-0.768696486949921,0.66686999797821
"ZbYLo0zK",-0.0956504642963409,-0.383547276258469,-0.503641307353973,-1.08866047859192,0.141221046447754
"ZedN8Gcn",-0.507069885730743,0.1970374584198,0.28136333823204,-0.89972335100174,-0.00567088881507516
"ZgD4Dau6",-0.1438999325037,0.0104318996891379,0.584374189376831,-0.729855179786682,-0.286732733249664
"Zgzf79LA",-0.389518082141876,-0.472453027963638,-0.725694477558136,-0.687906742095947,0.485303819179535
"ZjqzxDOF",0.148316130042076,0.277505487203598,2.07682180404663,-1.04585993289948,-0.0860013887286186
"ZsZ5aDpq",-0.152855291962624,3.0688304901123,0.601723074913025,1.19281935691833,-0.701948642730713
"ZtyqE7If",-0.422660231590271,-0.171362608671188,-0.156925097107887,-0.0195304919034243,-0.768045783042908
"ZvUgz01f",-0.282623440027237,0.0345985479652882,0.800852596759796,-0.362576425075531,0.723152339458466
"ZwrhgdQV",0.353014498949051,0.329319685697556,0.875295221805573,1.37343096733093,-0.894264280796051
"a7bhJGBU",2.34286093711853,-0.0239704307168722,1.52355849742889,-0.0042127245105803,-0.39122548699379
"aHpv6KzP",3.80211186408997,-0.188738957047462,2.4687077999115,0.839209914207458,-1.00912272930145
"aINzEBVN",-0.340944141149521,-0.138097077608109,-0.704687476158142,-0.566453337669373,-1.39375412464142
"aP9EtTGF",2.67125344276428,-0.135450750589371,2.35894155502319,-0.718894302845001,-0.879253685474396
"aV6EhtSL",-0.416095465421677,-0.164947226643562,-0.378454595804214,-0.665018737316132,-0.448971539735794
"aVZsXKoH",2.01809859275818,0.0854422077536583,2.19430208206177,-0.852221310138702,-0.710289716720581
"aYVnVJvc",-0.0332879833877087,0.0561965480446815,0.747243583202362,0.0418999306857586,-1.51835489273071
"abCzN1zx",-0.553036689758301,0.0043242652900517,-1.48562896251678,0.511874318122864,-0.544463396072388
"ae7sMiB4",-0.127249255776405,0.463765114545822,0.113159894943237,-0.183352649211884,-0.616791129112244
"afsVuCGV",-0.400113224983215,0.213371455669403,-0.786217987537384,0.0113173751160502,0.704770863056183
"aiwBQETI",-0.109657019376755,0.088236466050148,0.617371678352356,-0.541413247585297,-1.33288037776947
"aiyli4EI",1.62991666793823,4.01274728775024,2.15051126480103,1.9363602399826,-0.660077214241028
"apJ7NmzD",1.56694805622101,0.443198353052139,2.34850239753723,-0.256837755441666,-0.740556120872498
"atVjNMtQ",-0.122896887362003,-0.714911222457886,-1.71434688568115,1.69250571727753,-1.71772742271423
"b5GirVGV",-0.409071385860443,-0.0837288126349449,0.151479616761208,-0.741541981697083,0.494654387235641
"b9SpMjNB",-0.253110557794571,-1.02815222740173,0.655640721321106,-0.183750227093697,1.32477128505707
"bAFs37yy",-0.428811550140381,-0.0759089067578316,-0.427863776683807,-0.694022119045258,0.419002085924149
"bDia1hHV",-0.387960910797119,-0.024074524641037,-0.0932734087109566,-0.0796502903103828,-0.52051043510437
"bFkv5Mtr",-0.201437503099442,0.324835121631622,0.447887092828751,-0.0195042211562395,-0.120874635875225
"bHe2IXgA",-0.361830532550812,-0.630822479724884,-1.9494903087616,1.90749597549438,-1.4729768037796
"bWX3vUm5",-0.110221073031425,-0.230499848723412,0.44006672501564,-0.296667098999023,-1.17709040641785
"bat8tcGs",-0.293586701154709,0.180700853466988,-0.0779623463749886,-0.223323255777359,-0.438576698303223
"bfjej4wu",-0.340582489967346,-0.292912751436234,-0.776916444301605,-0.143366396427155,-1.19006586074829
"bh04YDiP",-0.31742861866951,-0.31671130657196,-0.542652070522308,-0.194966807961464,0.18902288377285
"c110Fdc8",-0.320362091064453,-0.0334980562329292,-0.327135026454926,-0.561693727970123,0.235615581274033
"c32GUzMa",-0.376146793365479,0.892983973026276,-1.14117920398712,-0.402707189321518,0.734537184238434
"cT6uU0B0",-0.491112172603607,0.486228078603745,-0.67201441526413,-0.866014122962952,0.748498678207397
"cWXCiFwh",-0.700462937355042,-0.152132838964462,-0.731142103672028,-0.824118196964264,-0.482466608285904
"ceNvS3yd",-0.42607370018959,-0.0725251659750938,-0.697012662887573,0.0824954658746719,0.201239347457886
"cmwdt4Av",1.95862805843353,-0.0406668372452259,1.66761982440948,-0.106989301741123,-0.841142535209656
"cn4EHsup",-0.442385673522949,-0.0662304908037186,-0.967857718467712,-0.148364752531052,-0.13872629404068
"crVOGGTT",-0.435893207788467,0.562417387962341,-0.256985992193222,-0.633803427219391,0.90376228094101
"csPEJ1E5",-0.523165941238403,-0.0860440656542778,-0.0940064042806625,-1.12422060966492,-0.132235839962959
"d0UrRtMk",-0.480580300092697,0.0114569319412112,-0.43548110127449,-0.771435499191284,1.69370353221893
"d6LU4G4I",-0.262018889188766,0.144965648651123,-0.650111556053162,-0.186215832829475,0.131440103054047
"d74T1DVv",-0.391948401927948,0.139302238821983,-1.22708427906036,1.41952514648438,-0.705467104911804
"dR6rM1tQ",-0.171064719557762,-0.180878728628159,0.175561681389809,-0.391501396894455,-0.799360156059265
"dUNxOoqg",-0.356182068586349,-0.0186205338686705,-0.878856301307678,0.226518467068672,-0.922063887119293
"dUnlyhj7",0.360015869140625,-0.113579407334328,1.30364763736725,-0.70704048871994,-0.0482017062604427
"dVDlnZQ6",-0.546817481517792,0.0891930684447289,-1.25635945796967,-0.328047543764114,-1.83128595352173
"dVT26GDu",-0.41323533654213,-0.02085374109447,-0.788085162639618,-0.84484201669693,0.66927969455719
"de43ycXY",0.28292128443718,0.599195122718811,1.06820106506348,-0.421168297529221,-0.246323361992836
"dfIn7m9z",-0.463106751441956,-0.349433451890945,-0.931708872318268,-0.451396107673645,-0.0754634663462639
"dhmb9ZY9",4.36136436462402,0.0242497064173222,2.6864218711853,0.65759801864624,-1.07212090492249
"dn8kCuyf",-0.364921808242798,-0.28589341044426,-0.752878785133362,-0.705275595188141,0.130657479166985
"dpcquvWW",-0.420431345701218,-0.183064892888069,-0.562949955463409,-0.4963059425354,0.122672535479069
"dqcbIMyr",-0.395233154296875,0.134692072868347,-1.08130955696106,-0.332414358854294,-0.0056991670280695
"drWgsBf5",-0.373415917158127,-0.0604127757251263,-0.752377152442932,0.0412073507905006,-0.688192665576935
"dytx0HSe",-0.509937584400177,-0.00951284263283014,-1.06714069843292,-0.793579995632172,1.41178870201111
"e4KkkIha",1.84350752830505,0.573704242706299,2.90774345397949,-0.625504434108734,-0.671531558036804
"e9YorH4m",-0.347657054662704,-0.441301196813583,0.18170091509819,-1.15562105178833,0.671711981296539
"eB9gVQ0R",-0.417746901512146,0.447751939296722,-0.63450026512146,-0.90161544084549,1.47689247131348
"eMhLFqU6",-0.349509924650192,0.660157442092896,-1.24208688735962,0.200502261519432,0.228726923465729
"eMllg1qm",0.189318016171455,1.07435572147369,1.02434074878693,-0.143610969185829,-0.875201523303986
"eNPunZ9i",-0.4447201192379,0.5544193983078,-1.05927729606628,0.297403931617737,-0.233271181583405
"eS5BSM4J",-0.417516708374023,-0.10795570909977,-0.0749629735946655,-0.647658824920654,1.26039338111877
"eVGMFoOI",-0.223219752311707,-0.527115643024445,0.0899091958999634,-1.01148176193237,0.633110880851746
"eaIwb3rG",-0.419265598058701,1.1070910692215,0.401157170534134,-0.500501930713654,0.960505306720734
"eyzw8Vis",-0.412787586450577,-0.0462415739893913,-0.144459187984467,-0.376449942588806,0.963759541511536
"f04Ke2bN",-0.396091789007187,0.525434494018555,-0.426203697919846,-0.0590706318616867,-0.172042980790138
"f4GA0te1",-0.432832568883896,0.0535443238914013,-0.531331658363342,-0.542204141616821,0.373843163251877
"f7bd91h5",-0.377086788415909,-0.0379264652729034,0.158906847238541,-0.831283986568451,1.19891810417175
"fB7z9ndr",-0.335329353809357,0.385712027549744,0.735641241073608,-0.611523568630219,0.792083919048309
"fEe7AWFA",-0.293570518493652,0.656652629375458,0.07168810069561,-0.218158766627312,-0.0879798084497452
"fJJIbgY9",0.310514003038406,0.17523118853569,0.99618536233902,-0.891190767288208,-0.541523039340973
"fQBURMvg",-0.379518955945969,0.157041907310486,0.29268091917038,-0.517557740211487,0.948116481304169
"fS0HpOub",-0.43270942568779,-0.0502161681652069,-0.389486759901047,-0.678081333637238,0.245001688599586
"fTDXauuk",0.295604050159454,-0.0871434658765793,0.910238921642303,-0.685814380645752,-0.596363723278046
"favPNA2N",-0.434786945581436,0.615294575691223,-0.834454238414764,0.270174503326416,0.0824342593550682
"g3Fv0U4k",-0.406899750232697,0.16479729115963,-1.01930701732635,0.149408742785454,-1.27105665206909
"g5PKo2E2",0.312502503395081,0.153439372777939,0.31645455956459,-0.589976131916046,-0.789573013782501
"gbjnD5fe",-0.620048463344574,-0.117334626615047,-1.12291264533997,-0.584253430366516,0.420368164777756
"ge9zqXCv",-0.490021377801895,-0.370074361562729,-0.800040245056152,0.135447978973389,-0.111001126468182
"geeqJpSE",-0.404782563447952,-0.017164034768939,-0.377341359853745,-0.674254775047302,0.624654054641724
"gqy1J2RS",0.48349517583847,0.062851794064045,0.487791955471039,-0.485642462968826,-1.21345949172974
"grlUtS3H",-0.140643909573555,-0.134926676750183,0.00939494092017412,0.275840044021606,-0.276685535907745
"gx965KYj",-0.21818120777607,-0.111406169831753,0.247739285230637,-0.00569911068305373,-0.619858503341675
"h3F08Vjm",-0.363937944173813,-0.00732726929709315,0.00167361879721284,-0.664832413196564,1.21153545379639
"h6FQG8Iy",-0.277746170759201,0.157210513949394,1.25219392776489,-0.613305449485779,1.05445957183838
"h7ftM8b3",2.01522493362427,0.102381706237793,1.92851686477661,-0.689738035202026,-0.862974464893341
"hLrCHXZv",-0.0574539564549923,-0.0963838472962379,0.931771755218506,-0.26760345697403,-1.50135910511017
"hQ6VBuFx",-0.436213791370392,0.481961160898209,-0.574444711208344,-1.11330723762512,1.24120283126831
"hYoR2y7w",-0.398311883211136,-0.0570154711604118,0.00163188646547496,-0.145301252603531,-0.744204461574554
"hf65yZkM",0.0683951154351234,0.641256213188171,0.340396255254745,1.42732965946198,-0.881054103374481
"hjuwe1x4",-0.343461662530899,-0.00515380874276161,0.281055122613907,-0.622261703014374,0.255689054727554
"hyINlsFR",-0.363109588623047,0.94133847951889,-0.592646062374115,-0.421862006187439,1.44619262218475
"i0Qlm9Bv",-0.320842981338501,-0.549944519996643,0.366335690021515,-0.63218080997467,0.777364373207092
"i1VxfxMb",-0.353787928819656,-0.717281997203827,-0.0965053141117096,-0.609919607639313,1.18058323860168
"i2l6jXNP",-0.421832919120789,-0.391152024269104,-1.09294164180756,-0.37082502245903,0.342106938362122
"i4FgPZv7",-0.397038608789444,-0.194929629564285,0.484554946422577,-0.741035163402557,1.22059214115143
"i7XtIkSi",-0.277881920337677,-0.1015520170331,-0.383181840181351,-0.119501516222954,-0.222727090120316
"i9z346Ut",-0.343098491430283,0.440288543701172,-0.583701133728027,0.544627964496613,1.09629380702972
"iDOat4cZ",2.06410026550293,0.314312487840652,2.43579411506653,-0.560513138771057,-0.708632230758667
"iNv6RoSO",-0.256721824407578,0.296579658985138,0.159355506300926,-0.359300851821899,0.196349442005157
"iSL9NYzy",4.39335250854492,-0.0985869094729424,2.26769924163818,1.90642440319061,-0.866875469684601
"iSqVc1r8",-0.0735682174563408,1.14143323898315,0.909659028053284,-0.175455898046494,-0.43890854716301
"iYZMftt6",-0.535865008831024,0.146620184183121,-0.395981460809708,-0.418506175279617,-0.353415906429291
"ieTPaa3c",-0.330422848463058,0.215263828635216,-0.716132879257202,-0.117420211434364,0.0408374071121216
"if7BmzU0",-0.426280558109283,0.0262480471283197,-0.500301241874695,-0.708515107631683,0.436018496751785
"ihNz5bmx",-0.381531983613968,-0.117478087544441,-0.71874213218689,0.261873781681061,-0.58647745847702
"ikJXKdIN",-0.45921128988266,-0.382411628961563,-0.508566439151764,-0.919004559516907,1.18891286849976
"iq2kxikN",-0.151096239686012,0.0631099194288254,-0.359328180551529,-0.493128478527069,-1.31555426120758
"iuZEDJK7",-0.434377729892731,0.085495188832283,-0.432895481586456,-0.65655517578125,0.768966972827911
"iyF8gVT7",-0.443438410758972,1.05451941490173,-0.0160475950688124,-0.566164612770081,0.839561641216278
"j06qdQ0V",-0.426361709833145,-0.63441663980484,0.00994671136140823,-0.300069719552994,0.185662910342216
"j7hl8svO",-0.391956895589828,0.622142195701599,-0.273391097784042,0.316145449876785,-0.382493078708649
"j8hMoJUN",-0.360039293766022,-0.346640318632126,-0.571191668510437,-0.491601169109344,-0.259234011173248
"jNaFasbV",-0.535285472869873,-0.235093504190445,-1.02789199352264,0.0954352021217346,-0.776149928569794
"jVVHeYHT",-0.520506381988525,0.362436801195145,0.582135021686554,-0.356843024492264,1.54569137096405
"jXm4ySvK",-0.385541409254074,-0.0263319499790668,-0.329213291406631,-0.29397839307785,0.507673501968384
"juO5ii5l",-0.152753248810768,0.266802310943604,0.268646270036697,-0.511971831321716,-0.500257313251495
"k2hdEBsU",-0.382750242948532,-0.204922273755074,0.0410836040973663,-0.605452239513397,1.0880252122879
"k3ynMfhN",0.233625501394272,0.286514610052109,0.614500820636749,-0.536634683609009,0.66202300786972
"k9C9yBtr",-0.0776735991239548,-0.109226264059544,0.743078112602234,-0.223584607243538,-1.33374345302582
"kAKRvcRo",-0.612805843353271,0.0530068948864937,-0.984373211860657,-0.140380769968033,-1.72185075283051
"kBi3R2oC",-0.133879289031029,0.379252284765244,-0.175658762454987,-0.722315013408661,-0.370195150375366
"kDWmnsXe",-0.336979120969772,-0.0802254602313042,0.537842869758606,-0.92072206735611,0.23045140504837
"kSGBd2Vh",-0.387274086475372,-0.0789060667157173,-0.29468634724617,-0.724657356739044,0.123507685959339
"kT0miHPT",-0.436112761497498,-0.16135211288929,-0.352193117141724,-0.638791739940643,-0.0258719734847546
"kaW0TfRn",-0.331235200166702,-0.103276498615742,-0.525053024291992,-0.316407799720764,-0.0947047472000122
"kmg3SowO",-0.377854079008102,0.0128737883642316,-0.625207602977753,0.0351573005318642,-0.402389883995056
"kpxKSlnF",2.32125401496887,0.721517443656921,2.25136923789978,0.0966754034161568,0.0421148054301739
"ku2cn1MV",0.409441262483597,0.750522077083588,1.39468061923981,-0.30900040268898,-0.116932086646557
"l1su5HU9",-0.386431574821472,-0.373156070709229,-0.580968856811523,-0.154473662376404,0.030522745102644
"l8Tg2RvD",-0.0701607465744019,0.286260008811951,1.18212378025055,-0.6628577709198,0.575061500072479
"lB6NsVOc",-0.543872177600861,-1.05176687240601,-0.161136299371719,-0.758311808109283,1.37774300575256
"lEcdVyKk",-0.429719239473343,0.0816072002053261,-0.515708029270172,-0.645119190216064,1.07839131355286
"lH4TasGl",-0.0202323477715254,0.105824567377567,0.559589862823486,-0.792311191558838,-0.556436419487
"lO9aggHW",-0.282791763544083,0.254594892263412,0.308439880609512,-0.185126379132271,0.115090437233448
"lW3m9Vzu",-0.375920057296753,-0.193197250366211,-0.641056895256042,-0.494272649288177,-0.109452620148659
"lYLseGDP",0.157067224383354,-0.705091416835785,-0.15482784807682,-0.683479011058807,0.16214694082737
"lcOnCdZi",-0.0610866546630859,0.223712429404259,0.672148823738098,-0.8023961186409,-0.0703739076852798
"le9YGwON",-0.357591420412064,-0.324629873037338,0.0414159297943115,0.220200017094612,-0.129431068897247
"llMvu3TX",0.990175843238831,0.739770114421844,2.94153523445129,-0.950115859508514,-0.368599683046341
"lnHh2jFO",-0.10744447261095,0.399656146764755,1.07671248912811,-0.675755858421326,-0.293486267328262
"m07CVXd4",-0.34830978512764,0.225267305970192,1.28709328174591,-0.752923250198364,0.944257199764252
"m1lPk91z",-0.284330874681473,-0.0874941870570183,0.836774468421936,-0.815171003341675,1.10416769981384
"m9IQdmwa",-0.433061301708221,-0.0465736091136932,0.0664732381701469,-0.740256905555725,0.726987838745117
"mG9BRy5x",-0.405438452959061,0.184650704264641,-0.080906942486763,-0.69228720664978,0.185327529907227
"mVHXnama",-0.320019692182541,-0.427608907222748,-0.788439214229584,-0.517574906349182,-0.868596196174622
"mXyrR6nU",-0.332628101110458,0.0062053962610662,-0.503163874149323,-0.202352479100227,1.02244603633881
"mbzNdxNc",-0.443231552839279,0.151052415370941,-0.322951883077621,0.136285081505775,-0.407822877168655
"mntH7g3L",0.0198969952762127,0.38263812661171,0.907546281814575,-0.39461475610733,-0.0655225589871407
"msRTXP3H",-0.360676765441895,-0.247713834047318,0.621421635150909,-0.507303655147552,1.25932228565216
"mxBjvIPR",-0.472146362066269,0.0418509505689144,-0.471313416957855,-0.463758111000061,0.375921070575714
"n8Opmfbz",1.932572722435,1.49504947662354,2.75051951408386,-0.818041086196899,-0.845710754394531
"nOkgU29Q",-0.391610324382782,-0.307706981897354,-1.06463432312012,0.76418936252594,-1.04999029636383
"nhttf7VM",0.0323076918721199,0.647349655628204,1.03396737575531,-0.195632740855217,-0.0825146436691284
"njLbXYa3",-0.238863468170166,-0.0200337935239077,0.493493974208832,-0.755704164505005,-0.897380352020264
"nwkIpzmh",0.52686083316803,-0.180967539548874,1.51625001430511,-0.20098465681076,-0.546251177787781
"nzB1R9Zg",0.0452683717012405,-0.274145185947418,1.18703317642212,-0.791228353977203,0.205827385187149
"o1rZRI84",-0.501615405082703,-0.435829252004623,-0.364662826061249,-0.98956573009491,-0.173718005418777
"o7q5Mbty",-0.207586795091629,0.140085369348526,-0.194801494479179,-0.542343854904175,-0.954688310623169
"oCBvysqB",-0.638561546802521,-0.312191873788834,-0.695007979869843,-0.890328645706177,-0.473878383636475
"oDmycTPH",-0.498327225446701,-0.390193313360214,-0.373486548662186,-0.759809672832489,1.74840986728668
"oFAXZvQv",-0.450642794370651,-0.301821410655975,-0.521906971931458,-0.774218022823334,-0.218508914113045
"oHE3M1zX",-0.249041229486465,0.25906577706337,-0.0191865097731352,0.635137617588043,0.221707373857498
"oMhVmSpV",-0.422179639339447,0.11854637414217,-0.727035641670227,-0.552579939365387,-0.236963003873825
"oNsDqVbi",0.076373279094696,0.352439761161804,0.90021014213562,-0.784323036670685,-0.494584053754807
"oYAJqQk8",-0.368035435676575,-0.539163708686829,-0.455215573310852,-0.628295660018921,0.76299375295639
"ob5Kb6dW",-0.446925282478333,0.0696338638663292,-0.795025110244751,-0.668039917945862,0.91683167219162
"obnzqs79",-0.363460272550583,-0.551095724105835,-0.811186611652374,-0.642525672912598,0.0943631157279015
"oncLcgRP",-0.381701618432999,-0.285384833812714,-0.802005589008331,-0.132561951875687,-0.202940419316292
"ooWVYaAe",-0.543721497058868,0.14970937371254,-1.57179939746857,0.180012375116348,-1.80709254741669
"osdyOUnV",-0.344902336597443,0.561562240123749,-1.32714295387268,0.712391495704651,0.0592243336141109
"p7H9CzCv",-0.305101662874222,-0.365079253911972,-1.19847321510315,0.907644331455231,-0.787077248096466
"p7U9hVhY",-0.36418142914772,0.0863413438200951,-0.047478724271059,-0.548272848129272,0.839502990245819
"pE6Cf1RV",-0.276896566152573,0.080493651330471,1.01797342300415,-0.638688623905182,0.582643508911133
"pI7qzotI",-0.242613255977631,-0.0725671127438545,0.543091535568237,-0.257758289575577,-0.601348578929901
"pJrIA4sk",-0.352218776941299,-0.6446253657341,-0.559511244297028,-0.646390438079834,-0.00219934294000268
"pXne2CLZ",-0.206489130854607,-0.723363697528839,-0.777283787727356,0.986646175384521,-1.30449187755585
"pZMcDIOS",-0.461501330137253,-0.0430454462766647,-0.26523369550705,-0.642305195331573,0.459961712360382
"pavfp3cc",0.271237999200821,-0.122693441808224,0.844863951206207,-0.180434629321098,-1.02663803100586
"pbQdC5L3",-0.406434297561646,-0.235105559229851,-0.403905779123306,-0.689533472061157,0.607976794242859
"pgj7aAFP",-0.227824494242668,0.552970111370087,-0.108799576759338,-0.637249171733856,0.50458562374115
"pxg8G3ed",-0.331140577793121,1.13633394241333,-0.778785943984985,-0.676031589508057,1.64813053607941
"q36Npk6l",-0.404626667499542,-0.207713827490807,-0.688729166984558,-0.385452479124069,0.978452146053314
"q4aDOVvq",0.692116439342499,1.5014750957489,1.26718521118164,0.321549117565155,-1.12265837192535
"qGmfR9CN",-0.400124162435532,0.0115589201450348,-0.795694410800934,0.723823726177216,-0.587391316890717
"qJ51ODpA",-0.362153977155685,-0.397802233695984,-0.787290751934052,0.0782705396413803,-0.0886343345046043
"qQX3cs3I",-0.205268800258636,0.277131378650665,1.04510545730591,-0.923723340034485,-0.0210507120937109
"qXeIxPb8",-0.458782017230988,0.0106858015060425,-0.436878830194473,-0.614170014858246,0.650709092617035
"qYQ4MShM",-0.188775792717934,0.659582734107971,0.197269141674042,-0.0134994257241488,-0.949218332767487
"qa0etnhK",-0.213058471679688,-0.483122885227203,0.557289958000183,0.113400913774967,0.0768148899078369
"qbL4sboq",-0.549994468688965,0.454645425081253,-0.890440106391907,-0.854873538017273,0.134293213486671
"qbYrsWHq",0.921660304069519,0.261190861463547,2.02681040763855,-0.510628342628479,-0.159431919455528
"r1zmcUqQ",0.734939098358154,0.399401873350143,1.12340700626373,-0.572755813598633,-0.764010965824127
"r54iHeQC",-0.366538166999817,-0.00963581819087267,-0.118842765688896,-0.658267021179199,0.552667796611786
"r6xrAnQV",4.07508087158203,0.982030928134918,2.83748078346252,-0.430697053670883,-0.405589014291763
"r9HxnQDg",-0.24391196668148,-0.208911255002022,1.04919791221619,-0.493174076080322,0.657681345939636
"rG8Puuf9",1.04647016525269,0.230773419141769,0.896505951881409,-0.0898311659693718,-0.678343117237091
"rGuiefuR",-0.430858165025711,0.106698252260685,-0.940226852893829,-0.0585839487612247,-0.760670363903046
"rJ19OhGP",-0.435306012630463,0.135597750544548,-0.250844746828079,-0.684808373451233,1.24605548381805
"rOCYepHd",0.0432362370193005,0.211921989917755,0.630211710929871,-0.734496355056763,-0.513674736022949
"rQJaOPFI",-0.309583753347397,-0.0210677329450846,0.516469836235046,-0.795364558696747,0.165780290961266
"rQhZtZeh",-0.146262556314468,0.141167983412743,1.31396293640137,-0.60795783996582,0.851473689079285
"rapmok0w",-0.458716839551926,0.365782886743546,-1.6237256526947,0.0696482136845589,0.396530568599701
"rgzfnPVu",-0.219214901328087,0.415779948234558,0.989166617393494,-0.860092043876648,0.251100331544876
"ri4qhb1S",-0.45123878121376,-0.280617654323578,-0.511574804782867,-0.903354823589325,0.898963928222656
"rqpFYzff",-0.471644908189774,-0.20987044274807,0.0179287735372782,-1.14537143707275,0.397709399461746
"rrs22coX",-0.37565815448761,0.169046923518181,0.144541323184967,-0.543579280376434,1.12015450000763
"sEeUCQLc",-0.43269619345665,-0.0528239794075489,-0.943528294563293,-0.523050546646118,0.843109428882599
"sHScwqQl",-0.431981235742569,-0.134443402290344,0.428304344415665,-0.65813821554184,1.33531582355499
"sNC7DiAt",-0.452462404966354,-0.00472214771434665,0.104000397026539,-0.96302992105484,1.22245669364929
"sNK2TSs3",-0.384913146495819,-0.0540283061563969,0.323958486318588,-0.61405074596405,0.891823291778564
"sO7Su6uw",-0.509275853633881,0.102691009640694,-1.47728514671326,-0.210902959108353,0.0555018782615662
"sOWZx89o",-0.487188786268234,-0.126885160803795,-1.28915989398956,-0.589058458805084,1.03387427330017
"sPbRcPjC",-0.369030237197876,-0.214811101555824,0.261332750320435,0.285683959722519,-0.891402542591095
"scVUfTKI",0.706148207187653,-0.342316806316376,0.517986059188843,1.32975685596466,-0.716948449611664
"seRaGeVv",-0.443292051553726,0.00515791960060596,-0.684672713279724,-0.447564572095871,2.03132724761963
"sgtwiYWi",-0.552503764629364,-0.31822606921196,-1.18378877639771,-0.106053277850151,-0.106356114149094
"sjmLHcT6",-0.386027097702026,-0.404018610715866,-0.240239605307579,-0.948080241680145,0.592220783233643
"skZUZZGS",-0.422850430011749,0.098614327609539,0.144612684845924,-0.74497926235199,0.589240491390228
"suAmzADX",-0.374672710895538,0.108031965792179,-1.3212468624115,1.07139587402344,-0.830501854419708
"t4GWLqlO",0.470519334077835,-0.395538121461868,1.04594957828522,-0.583014607429504,-0.558339953422546
"t7gy6Jyy",0.205485567450523,-0.482639610767365,2.41201591491699,-0.983449518680573,0.492808520793915
"tBadzH60",1.55188930034637,0.0832581222057343,2.53997826576233,-0.451607167720795,-0.573331475257874
"tXUWm0hp",-0.116404950618744,-0.0781951174139977,0.00386986299417913,0.389981389045715,-0.056775338947773
"te6UPPxf",-0.683203816413879,-0.0242830347269773,-0.598874390125275,-0.569596469402313,-0.902503907680511
"ti2lamkL",0.174268171191216,0.0473550483584404,0.436740130186081,-0.454312950372696,-0.696783900260925
"tr0lpwuU",-0.360050231218338,0.0515248440206051,-0.850638151168823,2.24932050704956,-1.33621096611023
"ttdB5C73",-0.352997064590454,0.111139319837093,-0.310605973005295,-0.470977336168289,0.467231720685959
"twS8YZu9",-0.551248967647552,-0.0389886796474457,-0.391111046075821,-0.983294785022736,-0.326957166194916
"tx68W34H",-0.536155819892883,0.262311398983002,-1.36881625652313,0.696044147014618,-0.88413017988205
"tyQSX4mY",-0.290607064962387,0.180800244212151,0.296085804700851,-0.803349137306213,-0.0222970340400934
"tylKCRc0",-0.483141481876373,0.180973887443542,-0.131931394338608,-0.52541446685791,0.252436250448227
"u1544WUo",-0.515260815620422,-0.161818817257881,-1.22115588188171,-0.780499219894409,0.0516683682799339
"uAw9an0d",0.142705768346786,-0.335402250289917,0.0850472524762154,-0.58712238073349,-0.65194696187973
"uLZAEXMG",2.52079439163208,-0.0729097053408623,2.09129810333252,-0.5120450258255,-0.817674160003662
"uMwe1s7I",-0.291998505592346,-0.89666759967804,-0.273825109004974,0.541238963603973,-0.910018384456635
"ufhGeV3q",-0.421286642551422,-0.336826801300049,-0.237996771931648,-1.05589950084686,0.509935975074768
"uhAeGBHo",-0.413590788841248,-0.236189559102058,-1.41042399406433,0.561841785907745,-0.885244309902191
"ujHNlqpw",1.23057329654694,0.440716683864594,1.32488787174225,-0.385008156299591,-0.769357442855835
"ulV6kuhB",-0.427767306566238,-0.12379564344883,0.352262586355209,-0.692436575889587,0.654157400131226
"uohEnNEK",-0.476697266101837,0.135203018784523,-1.04041373729706,0.205187559127808,-1.44462919235229
"v1lhA8I4",-0.496281862258911,-0.332558512687683,0.776204943656921,-1.14288020133972,1.82786202430725
"v3JzigLI",-0.457170873880386,-0.508468985557556,-0.614629983901978,-0.606208324432373,0.914280295372009
"v5IwjyIg",-0.388013064861298,0.0256941877305508,-1.06188237667084,-0.649885535240173,-0.697151601314545
"v6lp5TK1",-0.288517266511917,-0.19565337896347,0.786654412746429,-0.729115903377533,0.978431046009064
"v8vOaaWq",-0.418214470148087,-0.29023802280426,-0.696416139602661,-0.0563604310154915,0.383785098791122
"vAYKtoil",-0.421634823083878,0.0320545099675655,-0.420138299465179,-0.534588038921356,-0.302856117486954
"vGTNQa6G",2.73734402656555,0.672986268997192,2.38603091239929,0.745244920253754,0.0304614305496216
"vQzNxHoL",-0.51796168088913,-0.261653780937195,-0.748105943202972,-0.788125038146973,-0.78173828125
"vfZGBUJm",-0.308086752891541,-0.320808112621307,-0.247341439127922,-0.156612798571587,-0.555271506309509
"vlooVUoT",-0.330281406641006,-0.46571210026741,-0.778832674026489,1.14823532104492,-0.860461473464966
"vrACvd4O",-0.401017159223557,-0.308200150728226,0.490616410970688,-0.499250203371048,-0.0674052163958549
"w8hdjLwb",-0.442327588796616,0.27065172791481,-0.197487458586693,-0.617678165435791,1.34355807304382
"wAntv4gH",0.0654933005571365,0.368162453174591,2.12164282798767,-0.65781444311142,0.34227254986763
"wIUL09q0",-0.375646024942398,-0.396671116352081,-0.78616589307785,-0.615902900695801,0.557763338088989
"wOzx7Fgz",-0.280400991439819,-0.431986749172211,-0.171444326639175,-0.500406801700592,0.133817464113235
"wPhjhCJQ",-0.448433011770248,0.124623700976372,-0.478989541530609,-0.703231751918793,1.31829655170441
"wQSWWmYB",-0.36724117398262,-0.296421051025391,-1.0393944978714,-0.622314035892487,0.5706667304039
"wdIMrXwy",1.02136242389679,0.215811103582382,2.69507884979248,-0.778300762176514,-0.310528129339218
"wiL9npQc",-0.42069336771965,-0.0503982827067375,-0.724024295806885,-0.606313228607178,0.720574557781219
"wnU95Cxn",2.23887181282043,0.371919810771942,2.61843276023865,-0.749743759632111,-0.771187782287598
"wpJbbjJs",0.0253699962049723,0.351978063583374,1.09500193595886,-0.425003826618195,-0.613445580005646
"wsOWTAbI",0.914979696273804,0.173828065395355,0.965464532375336,1.72442555427551,-0.939433336257935
"wtdBcU3U",-0.352845281362534,-0.443109959363937,-0.504813551902771,-0.460689634084702,-0.171731516718864
"wuKXVxOc",-0.531888127326965,-0.369563043117523,-1.02951753139496,-0.173648864030838,0.671110808849335
"wyzadAt8",-0.655972421169281,0.352843761444092,-0.92249208688736,-0.729427814483643,0.749909162521362
"wzaKzYwi",-0.309391468763351,-0.51226019859314,0.61266815662384,-0.789164185523987,0.812794804573059
"x6GCk4EV",-0.403990596532822,-0.178576469421387,-0.103614263236523,-0.73181027173996,0.289645433425903
"x6lUi3vf",-0.200986832380295,0.107841655611992,0.255239874124527,0.35363045334816,-0.947273194789886
"x8mwDHv9",-0.406650274991989,-0.0215987917035818,-0.216886669397354,-0.588557541370392,0.141694292426109
"xIYm6puH",0.821560442447662,0.622685551643372,0.216378226876259,0.497586727142334,-0.955236673355103
"xO6UdpsK",0.601996600627899,0.649576961994171,0.424654334783554,-0.433878600597382,-0.92241758108139
"xQ2bkOvj",-0.334585815668106,-0.927233457565308,-0.619058966636658,0.0640905722975731,-1.30694222450256
"xeXyDCEQ",3.28402042388916,-0.0686237365007401,2.02954244613647,0.546548247337341,-1.0672390460968
"xrggHziO",-0.332712948322296,-0.257960498332977,0.50825434923172,-0.655277907848358,-0.256742000579834
"y1WMCmqQ",-0.485042303800583,-0.109731189906597,-0.688260316848755,-0.814702093601227,0.345355242490768
"yDngezhM",-0.346865981817245,-0.108491070568562,-0.655828773975372,-0.585805296897888,-0.470757752656937
"yLiFjMD0",-0.441563367843628,0.172601938247681,-0.317790865898132,-0.43345633149147,0.952012717723846
"ySwEBO7w",-0.34016478061676,-0.105840347707272,-0.538444638252258,-0.405973017215729,-0.9795863032341
"ydC9UsSm",-0.628291308879852,-0.0272220708429813,-0.265559554100037,0.406237065792084,0.588628768920898
"ydEG4VBd",-0.411498546600342,-0.236700356006622,-1.09910297393799,-0.590664327144623,0.397542029619217
"yf76yWXc",-0.123100355267525,-0.345143020153046,1.46471679210663,-0.757873117923737,-0.0514666587114334
"yg70e63n",-0.238768085837364,0.0842667296528816,-0.650879263877869,-0.274004310369492,-0.431390523910522
"ywxtlSKv",-0.488719046115875,-0.93007630109787,-1.05458676815033,-0.644932329654694,-0.348413646221161
"yzKPQPOR",-0.156557023525238,-0.594959557056427,0.0834831371903419,0.0712766721844673,-0.754514634609222
"z5cnOnZ1",-0.280752956867218,0.0289214737713337,0.0101836444810033,-0.582723498344421,-0.817444741725922
"zFLkOE0e",0.234479069709778,0.00345569709315896,0.83284330368042,-0.0106582622975111,-1.09613084793091
"zGi72mxL",-0.486433625221252,0.0692961290478706,-0.356977075338364,-0.251239478588104,-0.239619493484497
"zN925UV3",-0.313031584024429,-0.0628169178962708,-0.745452880859375,0.486536175012589,-0.992034316062927
"zTy2ih7e",-0.42283433675766,0.561919987201691,-0.737278938293457,-0.180010721087456,0.70198118686676
"zVFzAutw",-0.573114633560181,0.175758674740791,-0.655266523361206,-1.13041055202484,0.522172272205353
"zYxNAkht",-0.385195672512054,-0.376378655433655,-0.452473402023315,-0.820629060268402,1.19953894615173
"zaWDBai3",-0.194763213396072,0.721429586410522,-0.681504189968109,-0.579833149909973,1.03526067733765
"zg3u0Zsx",-0.259742558002472,0.168790429830551,-0.4370137155056,0.142226904630661,-0.344218164682388
"zlwLfdsS",-0.33646622300148,-0.0575071796774864,-0.650559902191162,0.96525514125824,-0.827117323875427
"zmbKzVfl",-0.507321119308472,0.392523318529129,-1.23677206039429,0.234197050333023,0.18235319852829
